event_id,variable,duration_seconds,sensor_final_change,synthetic_EP_final_change_MW,target_final_absolute_residual_MW,detected,alarm_delay_after_injection_s,actual_boundary_cross_s,lead_time_before_actual_cross_s,predicted_seconds_to_cross_at_alarm,pre_fault_false_alarm,mean_filter_and_forecast_latency_us,p95_filter_and_forecast_latency_us
1,CPD,10,-0.7895987870434414,-2.029762258992684,6.465500439512971,True,5,10,5,4,False,3508.738599105812,4036.45
2,AT,20,16.364815442367302,-1.540567729425356,6.465500439512971,True,9,20,11,17,False,2595.184728340675,3865.9
3,DF,30,-0.5718421357526031,2.369321374508295,6.465500439512971,True,5,29,24,62,False,3418.3370477568737,4067.75
4,AP,60,-0.3695063349674988,3.9678303307941922,6.465500439512971,True,32,58,26,28,False,3414.5029126213594,3930.4
5,GP,100,-0.6813070002622039,2.9942181287843175,6.465500439512971,True,36,96,60,447,False,3208.6854139290404,3904.4
6,CPD,180,-0.7895987870434414,-1.7961051011754785,6.465500439512971,True,89,175,86,154,False,3151.4512485136743,4023.1
7,AT,300,16.364815442367302,-0.7863629998193824,6.465500439512971,True,155,292,137,62,False,2568.1009365244536,4055.7
8,DF,450,-0.5718421357526031,4.606555179697003,6.465500439512971,True,207,437,230,343,False,3009.7509450945095,3890.5
9,AP,600,-0.3695063349674988,4.246304792469764,6.465500439512971,True,330,585,255,496,False,3171.805551149881,3927.5
