scenario_id,variable,duration_seconds,sensor_final_change,synthetic_EP_final_change_MW,target_final_absolute_residual_MW,transitions
1,CPD,10,-0.7895987870434414,-5.544922022116249,3.4460252417321344,11
2,CPD,20,-0.7895987870434414,-5.095177045606225,4.12478778934604,21
3,CPD,30,-0.7895987870434414,-4.803567846799722,4.803550336959945,31
4,CPD,60,-0.7895987870434414,-1.9766161100835342,5.48231288457385,61
5,CPD,100,-0.7895987870434414,-4.218882168415564,6.161075432187755,101
6,CPD,180,-0.7895987870434414,0.03306113982604941,6.839837979801661,181
7,CPD,300,-0.7895987870434414,-2.6410057704488903,7.5186005274155665,301
8,CPD,450,-0.7895987870434414,-5.089542278331645,3.4460252417321344,451
9,CPD,600,-0.7895987870434414,-5.792071392676978,4.12478778934604,601
10,AT,10,16.364815442367302,-3.7322559571118026,4.803550336959945,11
11,AT,20,16.364815442367302,-4.387510293424023,5.48231288457385,21
12,AT,30,16.364815442367302,-11.557257088196518,6.161075432187755,31
13,AT,60,16.364815442367302,-0.28825801910667437,6.839837979801661,61
14,AT,100,16.364815442367302,-1.5740608085046173,7.5186005274155665,101
15,AT,180,16.364815442367302,-6.376625434381633,3.4460252417321344,181
16,AT,300,16.364815442367302,-4.781514858195554,4.12478778934604,301
17,AT,450,16.364815442367302,-3.6605766320251396,4.803550336959945,451
18,AT,600,16.364815442367302,-3.7287804542017193,5.48231288457385,601
19,DF,10,-0.5718421357526031,3.3881234507526274,6.161075432187755,11
20,DF,20,-0.5718421357526031,5.171509743884432,6.839837979801661,21
21,DF,30,-0.5718421357526031,3.954526701772858,7.5186005274155665,31
22,DF,60,-0.5718421357526031,0.9131861683208671,3.4460252417321344,61
23,DF,100,-0.5718421357526031,0.5364571290869931,4.12478778934604,101
24,DF,180,-0.5718421357526031,2.67283821914154,4.803550336959945,181
25,DF,300,-0.5718421357526031,3.459326961913269,5.48231288457385,301
26,DF,450,-0.5718421357526031,3.632946578810828,6.161075432187755,451
27,DF,600,-0.5718421357526031,4.749985375806762,6.839837979801661,601
28,AP,10,-0.3695063349674988,5.816667388621804,7.5186005274155665,11
29,AP,20,-0.3695063349674988,-0.722120297474329,3.4460252417321344,21
30,AP,30,-0.3695063349674988,2.5356975732655185,4.12478778934604,31
31,AP,60,-0.3695063349674988,1.4675094435532126,4.803550336959945,61
32,AP,100,-0.3695063349674988,4.913808611280451,5.48231288457385,101
33,AP,180,-0.3695063349674988,5.057889977947096,6.161075432187755,181
34,AP,300,-0.3695063349674988,4.029416959789206,6.839837979801661,301
35,AP,450,-0.3695063349674988,4.637815545696919,7.5186005274155665,451
36,AP,600,-0.3695063349674988,0.8697317344610171,3.4460252417321344,601
37,GP,10,-0.6813070002622039,-0.054429465469998384,4.12478778934604,11
38,GP,20,-0.6813070002622039,1.93110682220349,4.803550336959945,21
39,GP,30,-0.6813070002622039,1.3365561368622059,5.48231288457385,31
40,GP,60,-0.6813070002622039,2.3194154536444076,6.161075432187755,61
41,GP,100,-0.6813070002622039,5.872036747700012,6.839837979801661,101
42,GP,180,-0.6813070002622039,4.157948717235351,7.5186005274155665,181
43,GP,300,-0.6813070002622039,1.8378607663918034,3.4460252417321344,301
44,GP,450,-0.6813070002622039,-0.22840470873338337,4.12478778934604,451
45,GP,600,-0.6813070002622039,4.393142187671303,4.803550336959945,601
46,CPD,10,-0.7895987870434414,-3.600650505990381,5.48231288457385,11
47,CPD,20,-0.7895987870434414,-0.6196399304307532,6.161075432187755,21
48,CPD,30,-0.7895987870434414,-3.137853686180801,6.839837979801661,31
49,CPD,60,-0.7895987870434414,0.28086588002336477,7.5186005274155665,61
50,CPD,100,-0.7895987870434414,-7.0538182677561805,3.4460252417321344,101
51,CPD,180,-0.7895987870434414,-4.529474935461512,4.12478778934604,181
52,CPD,300,-0.7895987870434414,-3.066608991909887,4.803550336959945,301
53,CPD,450,-0.7895987870434414,-3.3903214575247143,5.48231288457385,451
54,CPD,600,-0.7895987870434414,-3.851578153197141,6.161075432187755,601
55,AT,10,16.364815442367302,-13.372303867953338,6.839837979801661,11
56,AT,20,16.364815442367302,-1.1652323316225814,7.5186005274155665,21
57,AT,30,16.364815442367302,-6.457383364730812,3.4460252417321344,31
58,AT,60,16.364815442367302,-10.415486564835245,4.12478778934604,61
59,AT,100,16.364815442367302,-3.9472459662919155,4.803550336959945,101
60,AT,180,16.364815442367302,-3.2721751880045895,5.48231288457385,181
61,AT,300,16.364815442367302,-1.968499395860806,6.161075432187755,301
62,AT,450,16.364815442367302,-1.6259196096957105,6.839837979801661,451
63,AT,600,16.364815442367302,-2.923876524692437,7.5186005274155665,601
64,DF,10,-0.5718421357526031,-0.664085862633935,3.4460252417321344,11
65,DF,20,-0.5718421357526031,0.9547428089653023,4.12478778934604,21
66,DF,30,-0.5718421357526031,2.637466622697688,4.803550336959945,31
67,DF,60,-0.5718421357526031,2.0727138433149213,5.48231288457385,61
68,DF,100,-0.5718421357526031,2.8220649828186852,6.161075432187755,101
69,DF,180,-0.5718421357526031,3.6289022217331315,6.839837979801661,181
70,DF,300,-0.5718421357526031,3.150186770740243,7.5186005274155665,301
71,DF,450,-0.5718421357526031,2.54206419089238,3.4460252417321344,451
72,DF,600,-0.5718421357526031,0.1633134717512048,4.12478778934604,601
73,AP,10,-0.3695063349674988,1.2117259884146572,4.803550336959945,11
74,AP,20,-0.3695063349674988,1.138813019036042,5.48231288457385,21
75,AP,30,-0.3695063349674988,2.7259470833138666,6.161075432187755,31
76,AP,60,-0.3695063349674988,4.328286852502732,6.839837979801661,61
77,AP,100,-0.3695063349674988,5.955994146548727,7.5186005274155665,101
78,AP,180,-0.3695063349674988,3.0267404665001196,3.4460252417321344,181
79,AP,300,-0.3695063349674988,4.14988856157279,4.12478778934604,301
80,AP,450,-0.3695063349674988,0.6786909600216271,4.803550336959945,451
81,AP,600,-0.3695063349674988,3.9212877535507635,5.48231288457385,601
82,GP,10,-0.6813070002622039,3.2803188153011122,6.161075432187755,11
83,GP,20,-0.6813070002622039,5.810286711676685,6.839837979801661,21
84,GP,30,-0.6813070002622039,3.749539031813905,7.5186005274155665,31
85,GP,60,-0.6813070002622039,0.9928243243099972,3.4460252417321344,61
86,GP,100,-0.6813070002622039,1.5752591998835852,4.12478778934604,101
87,GP,180,-0.6813070002622039,1.2062217835548106,4.803550336959945,181
88,GP,300,-0.6813070002622039,2.2514206772294107,5.48231288457385,301
89,GP,450,-0.6813070002622039,1.9151337871079734,6.161075432187755,451
90,GP,600,-0.6813070002622039,4.452313979643026,6.839837979801661,601
91,CPD,10,-0.7895987870434414,0.0786384011813741,7.5186005274155665,11
92,CPD,20,-0.7895987870434414,-5.372348756946006,3.4460252417321344,21
93,CPD,30,-0.7895987870434414,-11.526228290659315,4.12478778934604,31
94,CPD,60,-0.7895987870434414,-9.989948394146339,4.803550336959945,61
95,CPD,100,-0.7895987870434414,-4.35902650054289,5.48231288457385,101
96,CPD,180,-0.7895987870434414,-12.89931978066745,6.161075432187755,181
97,CPD,300,-0.7895987870434414,-2.5184838082029124,6.839837979801661,301
98,CPD,450,-0.7895987870434414,-14.476222331520129,7.5186005274155665,451
99,CPD,600,-0.7895987870434414,-2.8609825202813637,3.4460252417321344,601
100,AT,10,16.364815442367302,-5.477990382472716,4.12478778934604,11
101,AT,20,16.364815442367302,-5.2715375376600795,4.803550336959945,21
102,AT,30,16.364815442367302,-2.5749672064568694,5.48231288457385,31
103,AT,60,16.364815442367302,-1.1479741993541408,6.161075432187755,61
104,AT,100,16.364815442367302,-2.4363291056457506,6.839837979801661,101
105,AT,180,16.364815442367302,-0.7776438205780121,7.5186005274155665,181
106,AT,300,16.364815442367302,-6.9267454002530355,3.4460252417321344,301
107,AT,450,16.364815442367302,-4.248638210083418,4.12478778934604,451
108,AT,600,16.364815442367302,-3.8356535150134325,4.803550336959945,601
109,DF,10,-0.5718421357526031,3.118488082363476,5.48231288457385,11
110,DF,20,-0.5718421357526031,4.004902541802733,6.161075432187755,21
111,DF,30,-0.5718421357526031,3.142742784499166,6.839837979801661,31
112,DF,60,-0.5718421357526031,4.247532837833129,7.5186005274155665,61
113,DF,100,-0.5718421357526031,0.23264913490091477,3.4460252417321344,101
114,DF,180,-0.5718421357526031,0.4978412928190421,4.12478778934604,181
115,DF,300,-0.5718421357526031,1.8915863360411445,4.803550336959945,301
116,DF,450,-0.5718421357526031,2.8478249027861358,5.48231288457385,451
117,DF,600,-0.5718421357526031,2.748543951936708,6.161075432187755,601
118,AP,10,-0.3695063349674988,5.6882009632598916,6.839837979801661,11
119,AP,20,-0.3695063349674988,4.509147854012506,7.5186005274155665,21
120,AP,30,-0.3695063349674988,-0.590064523828441,3.4460252417321344,31
121,AP,60,-0.3695063349674988,1.4715780483912182,4.12478778934604,61
122,AP,100,-0.3695063349674988,3.2773718481022494,4.803550336959945,101
123,AP,180,-0.3695063349674988,-3.779313504274916,5.48231288457385,181
124,AP,300,-0.3695063349674988,4.0563926504214125,6.161075432187755,301
125,AP,450,-0.3695063349674988,3.094564110680327,6.839837979801661,451
126,AP,600,-0.3695063349674988,4.572889258675653,7.5186005274155665,601
127,GP,10,-0.6813070002622039,2.5392030096131366,3.4460252417321344,11
128,GP,20,-0.6813070002622039,-4.309665541513037,4.12478778934604,21
129,GP,30,-0.6813070002622039,2.9506022123605513,4.803550336959945,31
130,GP,60,-0.6813070002622039,2.4649493494372683,5.48231288457385,61
131,GP,100,-0.6813070002622039,3.991032397389799,6.161075432187755,101
132,GP,180,-0.6813070002622039,2.6646206747047394,6.839837979801661,181
133,GP,300,-0.6813070002622039,-5.085879598271456,7.5186005274155665,301
134,GP,450,-0.6813070002622039,-4.723380746329629,3.4460252417321344,451
135,GP,600,-0.6813070002622039,2.9112356413276173,4.12478778934604,601
136,CPD,10,-0.7895987870434414,-4.338734621756784,4.803550336959945,11
137,CPD,20,-0.7895987870434414,-1.4534199864829072,5.48231288457385,21
138,CPD,30,-0.7895987870434414,-1.0812966941116597,6.161075432187755,31
139,CPD,60,-0.7895987870434414,-2.446218495669779,6.839837979801661,61
140,CPD,100,-0.7895987870434414,-0.2184321935767084,7.5186005274155665,101
141,CPD,180,-0.7895987870434414,-6.971310906738988,3.4460252417321344,181
142,CPD,300,-0.7895987870434414,-4.585732191003179,4.12478778934604,301
143,CPD,450,-0.7895987870434414,-12.473585861660382,4.803550336959945,451
144,CPD,600,-0.7895987870434414,-2.1802485676770766,5.48231288457385,601
145,AT,10,16.364815442367302,-2.1954672091821434,6.161075432187755,11
146,AT,20,16.364815442367302,-3.2461268498817724,6.839837979801661,21
147,AT,30,16.364815442367302,-13.922953999357782,7.5186005274155665,31
148,AT,60,16.364815442367302,-4.676256145745252,3.4460252417321344,61
149,AT,100,16.364815442367302,-4.040451269176761,4.12478778934604,101
150,AT,180,16.364815442367302,-5.382630745701149,4.803550336959945,181
151,AT,300,16.364815442367302,-3.7835495276344284,5.48231288457385,301
152,AT,450,16.364815442367302,-3.682418408223941,6.161075432187755,451
153,AT,600,16.364815442367302,-1.7278351545865824,6.839837979801661,601
154,DF,10,-0.5718421357526031,3.955816704710438,7.5186005274155665,11
155,DF,20,-0.5718421357526031,-0.7802020705455943,3.4460252417321344,21
156,DF,30,-0.5718421357526031,2.334134702820644,4.12478778934604,31
157,DF,60,-0.5718421357526031,3.2594574182738265,4.803550336959945,61
158,DF,100,-0.5718421357526031,-6.649496088520755,5.48231288457385,101
159,DF,180,-0.5718421357526031,-6.018224126496958,6.161075432187755,181
160,DF,300,-0.5718421357526031,5.906671553959118,6.839837979801661,301
161,DF,450,-0.5718421357526031,3.4946087352374864,7.5186005274155665,451
162,DF,600,-0.5718421357526031,-0.4024397488890328,3.4460252417321344,601
163,AP,10,-0.3695063349674988,0.3684932796811564,4.12478778934604,11
164,AP,20,-0.3695063349674988,3.0747594833184175,4.803550336959945,21
165,AP,30,-0.3695063349674988,4.205906129537346,5.48231288457385,31
166,AP,60,-0.3695063349674988,4.200689520981823,6.161075432187755,61
167,AP,100,-0.3695063349674988,3.6082568896407032,6.839837979801661,101
168,AP,180,-0.3695063349674988,5.665945901738661,7.5186005274155665,181
169,AP,300,-0.3695063349674988,-0.7433750502720882,3.4460252417321344,301
170,AP,450,-0.3695063349674988,0.7587120746251754,4.12478778934604,451
171,AP,600,-0.3695063349674988,3.002758493452661,4.803550336959945,601
172,GP,10,-0.6813070002622039,1.9937090708397909,5.48231288457385,11
173,GP,20,-0.6813070002622039,5.00380585417764,6.161075432187755,21
174,GP,30,-0.6813070002622039,4.137708443363383,6.839837979801661,31
175,GP,60,-0.6813070002622039,5.087305473908936,7.5186005274155665,61
176,GP,100,-0.6813070002622039,1.6789738982654585,3.4460252417321344,101
177,GP,180,-0.6813070002622039,0.939545374702841,4.12478778934604,181
178,GP,300,-0.6813070002622039,3.3444183362420015,4.803550336959945,301
179,GP,450,-0.6813070002622039,3.4711482490474515,5.48231288457385,451
180,GP,600,-0.6813070002622039,5.10713551259573,6.161075432187755,601
181,CPD,10,-0.7895987870434414,-3.729773883222631,6.839837979801661,11
182,CPD,20,-0.7895987870434414,-2.583097336078131,7.5186005274155665,21
183,CPD,30,-0.7895987870434414,-3.93089212500072,3.4460252417321344,31
184,CPD,60,-0.7895987870434414,-4.964451237985746,4.12478778934604,61
185,CPD,100,-0.7895987870434414,-5.087254066966039,4.803550336959945,101
186,CPD,180,-0.7895987870434414,-4.150334586743079,5.48231288457385,181
187,CPD,300,-0.7895987870434414,-3.252375710014067,6.161075432187755,301
188,CPD,450,-0.7895987870434414,-1.9876281563409002,6.839837979801661,451
189,CPD,600,-0.7895987870434414,-2.9429195566750845,7.5186005274155665,601
190,AT,10,16.364815442367302,-6.39581331362039,3.4460252417321344,11
191,AT,20,16.364815442367302,-4.0529422887243856,4.12478778934604,21
192,AT,30,16.364815442367302,-3.118798804176307,4.803550336959945,31
193,AT,60,16.364815442367302,-1.9520548636229842,5.48231288457385,61
194,AT,100,16.364815442367302,-1.603953972547063,6.161075432187755,101
195,AT,180,16.364815442367302,-3.075651771364303,6.839837979801661,181
196,AT,300,16.364815442367302,0.839327414972141,7.5186005274155665,301
197,AT,450,16.364815442367302,-2.8937319768181977,3.4460252417321344,451
198,AT,600,16.364815442367302,-5.351119584492442,4.12478778934604,601
199,DF,10,-0.5718421357526031,4.033080081664807,4.803550336959945,11
200,DF,20,-0.5718421357526031,3.0343436381227695,5.48231288457385,21
201,DF,30,-0.5718421357526031,3.7612681482538735,6.161075432187755,31
202,DF,60,-0.5718421357526031,4.597634899925286,6.839837979801661,61
203,DF,100,-0.5718421357526031,-7.7244780374559046,7.5186005274155665,101
204,DF,180,-0.5718421357526031,-0.5286839024717223,3.4460252417321344,181
205,DF,300,-0.5718421357526031,2.291210965467452,4.12478778934604,301
206,DF,450,-0.5718421357526031,0.8487492171527018,4.803550336959945,451
207,DF,600,-0.5718421357526031,-6.403990163675082,5.48231288457385,601
208,AP,10,-0.3695063349674988,3.7997958055649663,6.161075432187755,11
209,AP,20,-0.3695063349674988,4.359549447798248,6.839837979801661,21
210,AP,30,-0.3695063349674988,4.058206429596277,7.5186005274155665,31
211,AP,60,-0.3695063349674988,-0.6932217006795396,3.4460252417321344,61
212,AP,100,-0.3695063349674988,2.3403138923246543,4.12478778934604,101
213,AP,180,-0.3695063349674988,0.39315279725265473,4.803550336959945,181
214,AP,300,-0.3695063349674988,4.320734491063397,5.48231288457385,301
215,AP,450,-0.3695063349674988,4.650023872322305,6.161075432187755,451
216,AP,600,-0.3695063349674988,3.157140858680382,6.839837979801661,601
217,GP,10,-0.6813070002622039,3.7880509265752753,7.5186005274155665,11
218,GP,20,-0.6813070002622039,1.8267114560434452,3.4460252417321344,21
219,GP,30,-0.6813070002622039,0.3095486403863772,4.12478778934604,31
220,GP,60,-0.6813070002622039,1.35004690442483,4.803550336959945,61
221,GP,100,-0.6813070002622039,1.5975091786445637,5.48231288457385,101
222,GP,180,-0.6813070002622039,4.120564180352372,6.161075432187755,181
223,GP,300,-0.6813070002622039,3.786240383674329,6.839837979801661,301
224,GP,450,-0.6813070002622039,6.761479033297997,7.5186005274155665,451
225,GP,600,-0.6813070002622039,-4.427673743188923,3.4460252417321344,601
226,CPD,10,-0.7895987870434414,-4.609866570315323,4.12478778934604,11
227,CPD,20,-0.7895987870434414,-3.6533235759944764,4.803550336959945,21
228,CPD,30,-0.7895987870434414,-2.9135347258867563,5.48231288457385,31
229,CPD,60,-0.7895987870434414,-1.5561394251109162,6.161075432187755,61
230,CPD,100,-0.7895987870434414,-1.87597210423203,6.839837979801661,101
231,CPD,180,-0.7895987870434414,-0.9741436806561037,7.5186005274155665,181
232,CPD,300,-0.7895987870434414,-11.705476947539342,3.4460252417321344,301
233,CPD,450,-0.7895987870434414,-3.8653085084382086,4.12478778934604,451
234,CPD,600,-0.7895987870434414,-11.547615754144772,4.803550336959945,601
235,AT,10,16.364815442367302,-11.44476816577967,5.48231288457385,11
236,AT,20,16.364815442367302,-11.941020443410107,6.161075432187755,21
237,AT,30,16.364815442367302,-3.30790121123351,6.839837979801661,31
238,AT,60,16.364815442367302,0.08233728847680233,7.5186005274155665,61
239,AT,100,16.364815442367302,-3.6363379832985414,3.4460252417321344,101
240,AT,180,16.364815442367302,-2.751849593669623,4.12478778934604,181
241,AT,300,16.364815442367302,-4.629314839480059,4.803550336959945,301
242,AT,450,16.364815442367302,-4.478149433505771,5.48231288457385,451
243,AT,600,16.364815442367302,-0.8559847801894618,6.161075432187755,601
244,DF,10,-0.5718421357526031,5.875181238310123,6.839837979801661,11
245,DF,20,-0.5718421357526031,5.231441259009069,7.5186005274155665,21
246,DF,30,-0.5718421357526031,-0.11336335082826121,3.4460252417321344,31
247,DF,60,-0.5718421357526031,0.9347228661213576,4.12478778934604,61
248,DF,100,-0.5718421357526031,2.468784910945275,4.803550336959945,101
249,DF,180,-0.5718421357526031,-6.016151287931385,5.48231288457385,181
250,DF,300,-0.5718421357526031,3.2420896276805395,6.161075432187755,301
251,DF,450,-0.5718421357526031,4.472243308600685,6.839837979801661,451
252,DF,600,-0.5718421357526031,3.571647642437549,7.5186005274155665,601
253,AP,10,-0.3695063349674988,0.9635131408000221,3.4460252417321344,11
254,AP,20,-0.3695063349674988,2.6746412359009453,4.12478778934604,21
255,AP,30,-0.3695063349674988,2.3975704287969117,4.803550336959945,31
256,AP,60,-0.3695063349674988,2.1806025533189404,5.48231288457385,61
257,AP,100,-0.3695063349674988,2.136658088048276,6.161075432187755,101
258,AP,180,-0.3695063349674988,-6.571042192081652,6.839837979801661,181
259,AP,300,-0.3695063349674988,5.015668396093938,7.5186005274155665,301
260,AP,450,-0.3695063349674988,0.3060673698785523,3.4460252417321344,451
261,AP,600,-0.3695063349674988,2.6528984477591946,4.12478778934604,601
262,GP,10,-0.6813070002622039,2.1330806526121373,4.803550336959945,11
263,GP,20,-0.6813070002622039,1.2717359800976231,5.48231288457385,21
264,GP,30,-0.6813070002622039,4.947234813133332,6.161075432187755,31
265,GP,60,-0.6813070002622039,4.0256795020754375,6.839837979801661,61
266,GP,100,-0.6813070002622039,5.891391800156919,7.5186005274155665,101
267,GP,180,-0.6813070002622039,1.0966282375528111,3.4460252417321344,181
268,GP,300,-0.6813070002622039,0.5655469172780796,4.12478778934604,301
269,GP,450,-0.6813070002622039,0.5493278386538529,4.803550336959945,451
270,GP,600,-0.6813070002622039,2.83986452586226,5.48231288457385,601
271,CPD,10,-0.7895987870434414,-2.883055745683083,6.161075432187755,11
272,CPD,20,-0.7895987870434414,-1.6434241883269998,6.839837979801661,21
273,CPD,30,-0.7895987870434414,-1.8812254320499502,7.5186005274155665,31
274,CPD,60,-0.7895987870434414,-3.8320168935139476,3.4460252417321344,61
275,CPD,100,-0.7895987870434414,-3.803659246123151,4.12478778934604,101
276,CPD,180,-0.7895987870434414,-5.259444033208708,4.803550336959945,181
277,CPD,300,-0.7895987870434414,-3.4570042490755037,5.48231288457385,301
278,CPD,450,-0.7895987870434414,-1.8306497896146139,6.161075432187755,451
279,CPD,600,-0.7895987870434414,-0.10685117914369968,6.839837979801661,601
280,AT,10,16.364815442367302,-13.412972656285115,7.5186005274155665,11
281,AT,20,16.364815442367302,-6.004377964857805,3.4460252417321344,21
282,AT,30,16.364815442367302,-5.184983197942278,4.12478778934604,31
283,AT,60,16.364815442367302,-4.087711198083553,4.803550336959945,61
284,AT,100,16.364815442367302,-1.2810349385407074,5.48231288457385,101
285,AT,180,16.364815442367302,-2.249242279811841,6.161075432187755,181
286,AT,300,16.364815442367302,-1.7223196509592746,6.839837979801661,301
287,AT,450,16.364815442367302,-16.412121245719582,7.5186005274155665,451
288,AT,600,16.364815442367302,-6.753907647943275,3.4460252417321344,601
289,DF,10,-0.5718421357526031,0.6599317666717708,4.12478778934604,11
290,DF,20,-0.5718421357526031,0.7336756883850635,4.803550336959945,21
291,DF,30,-0.5718421357526031,3.2320299523581815,5.48231288457385,31
292,DF,60,-0.5718421357526031,2.5658425932809026,6.161075432187755,61
293,DF,100,-0.5718421357526031,4.636830637717214,6.839837979801661,101
294,DF,180,-0.5718421357526031,6.442279103383408,7.5186005274155665,181
295,DF,300,-0.5718421357526031,1.6773349542401848,3.4460252417321344,301
296,DF,450,-0.5718421357526031,1.1798295025443748,4.12478778934604,451
297,DF,600,-0.5718421357526031,2.541965735864438,4.803550336959945,601
298,AP,10,-0.3695063349674988,2.2106904777168017,5.48231288457385,11
299,AP,20,-0.3695063349674988,-5.393730666997937,6.161075432187755,21
300,AP,30,-0.3695063349674988,5.399606335344988,6.839837979801661,31
301,AP,60,-0.3695063349674988,-8.03707060492348,7.5186005274155665,61
302,AP,100,-0.3695063349674988,1.2738688750954212,3.4460252417321344,101
303,AP,180,-0.3695063349674988,0.852614616199328,4.12478778934604,181
304,AP,300,-0.3695063349674988,3.742578319934794,4.803550336959945,301
305,AP,450,-0.3695063349674988,3.1222948804471207,5.48231288457385,451
306,AP,600,-0.3695063349674988,3.813381963251996,6.161075432187755,601
307,GP,10,-0.6813070002622039,4.605186253932178,6.839837979801661,11
308,GP,20,-0.6813070002622039,3.9275542151235445,7.5186005274155665,21
309,GP,30,-0.6813070002622039,0.24230083804093727,3.4460252417321344,31
310,GP,60,-0.6813070002622039,3.5022300555966366,4.12478778934604,61
311,GP,100,-0.6813070002622039,0.6185906011471198,4.803550336959945,101
312,GP,180,-0.6813070002622039,2.347707408456194,5.48231288457385,181
313,GP,300,-0.6813070002622039,3.796751665444913,6.161075432187755,301
314,GP,450,-0.6813070002622039,4.128787945581966,6.839837979801661,451
315,GP,600,-0.6813070002622039,5.8900257777221245,7.5186005274155665,601
316,CPD,10,-0.7895987870434414,-4.146128270782692,3.4460252417321344,11
317,CPD,20,-0.7895987870434414,-6.002828513743741,4.12478778934604,21
318,CPD,30,-0.7895987870434414,-5.759572022985764,4.803550336959945,31
319,CPD,60,-0.7895987870434414,-2.611619055420854,5.48231288457385,61
320,CPD,100,-0.7895987870434414,-1.5470022095790368,6.161075432187755,101
321,CPD,180,-0.7895987870434414,1.3036691402919338,6.839837979801661,181
322,CPD,300,-0.7895987870434414,-1.562315853097095,7.5186005274155665,301
323,CPD,450,-0.7895987870434414,-5.143266023646443,3.4460252417321344,451
324,CPD,600,-0.7895987870434414,-3.7919851726790244,4.12478778934604,601
325,AT,10,16.364815442367302,-3.6601576164034375,4.803550336959945,11
326,AT,20,16.364815442367302,-1.9072689212484812,5.48231288457385,21
327,AT,30,16.364815442367302,-2.8665384071944713,6.161075432187755,31
328,AT,60,16.364815442367302,-0.261249702271936,6.839837979801661,61
329,AT,100,16.364815442367302,-2.0537534562262945,7.5186005274155665,101
330,AT,180,16.364815442367302,-5.846806238018554,3.4460252417321344,181
331,AT,300,16.364815442367302,-6.173806165898857,4.12478778934604,301
332,AT,450,16.364815442367302,-2.954121202422825,4.803550336959945,451
333,AT,600,16.364815442367302,-2.8311940240671385,5.48231288457385,601
334,DF,10,-0.5718421357526031,-6.637538189156214,6.161075432187755,11
335,DF,20,-0.5718421357526031,4.546720859704383,6.839837979801661,21
336,DF,30,-0.5718421357526031,4.820748112979468,7.5186005274155665,31
337,DF,60,-0.5718421357526031,0.19671564980106826,3.4460252417321344,61
338,DF,100,-0.5718421357526031,1.0272246127747406,4.12478778934604,101
339,DF,180,-0.5718421357526031,0.6143306768630064,4.803550336959945,181
340,DF,300,-0.5718421357526031,-5.955006126129027,5.48231288457385,301
341,DF,450,-0.5718421357526031,2.1814825751874,6.161075432187755,451
342,DF,600,-0.5718421357526031,3.3800783449223424,6.839837979801661,601
343,AP,10,-0.3695063349674988,4.2645227958325,7.5186005274155665,11
344,AP,20,-0.3695063349674988,0.4945470906817677,3.4460252417321344,21
345,AP,30,-0.3695063349674988,3.2157021980374436,4.12478778934604,31
346,AP,60,-0.3695063349674988,3.3857418171223097,4.803550336959945,61
347,AP,100,-0.3695063349674988,1.5782705021863768,5.48231288457385,101
348,AP,180,-0.3695063349674988,2.7586603904108644,6.161075432187755,181
349,AP,300,-0.3695063349674988,5.319235704225694,6.839837979801661,301
350,AP,450,-0.3695063349674988,6.617252482480007,7.5186005274155665,451
351,AP,600,-0.3695063349674988,0.07954977370397831,3.4460252417321344,601
352,GP,10,-0.6813070002622039,1.3350553444842985,4.12478778934604,11
353,GP,20,-0.6813070002622039,1.394284166647254,4.803550336959945,21
354,GP,30,-0.6813070002622039,3.5549468935703237,5.48231288457385,31
355,GP,60,-0.6813070002622039,4.398749906663594,6.161075432187755,61
356,GP,100,-0.6813070002622039,2.9192417201464913,6.839837979801661,101
357,GP,180,-0.6813070002622039,-7.9791302624974865,7.5186005274155665,181
358,GP,300,-0.6813070002622039,0.029358011543412665,3.4460252417321344,301
359,GP,450,-0.6813070002622039,3.2911864860376268,4.12478778934604,451
360,GP,600,-0.6813070002622039,3.3011001962503608,4.803550336959945,601
361,CPD,10,-0.7895987870434414,-3.0880030759288895,5.48231288457385,11
362,CPD,20,-0.7895987870434414,-3.169676511913525,6.161075432187755,21
363,CPD,30,-0.7895987870434414,-3.5532471357986246,6.839837979801661,31
364,CPD,60,-0.7895987870434414,-0.8628643683480899,7.5186005274155665,61
365,CPD,100,-0.7895987870434414,-10.496468332299191,3.4460252417321344,101
366,CPD,180,-0.7895987870434414,-1.7992221887909539,4.12478778934604,181
367,CPD,300,-0.7895987870434414,-2.283501232596975,4.803550336959945,301
368,CPD,450,-0.7895987870434414,-2.2939962807827294,5.48231288457385,451
369,CPD,600,-0.7895987870434414,-3.2529860488488707,6.161075432187755,601
370,AT,10,16.364815442367302,-1.1848966443844766,6.839837979801661,11
371,AT,20,16.364815442367302,0.904708591885532,7.5186005274155665,21
372,AT,30,16.364815442367302,-6.819655142812276,3.4460252417321344,31
373,AT,60,16.364815442367302,-3.84761955332245,4.12478778934604,61
374,AT,100,16.364815442367302,-4.738168042262841,4.803550336959945,101
375,AT,180,16.364815442367302,-2.2179487597267604,5.48231288457385,181
376,AT,300,16.364815442367302,-2.7339968391898166,6.161075432187755,301
377,AT,450,16.364815442367302,-2.0678756029707692,6.839837979801661,451
378,AT,600,16.364815442367302,-2.526606449386838,7.5186005274155665,601
379,DF,10,-0.5718421357526031,0.526533003684027,3.4460252417321344,11
380,DF,20,-0.5718421357526031,1.3371028574995973,4.12478778934604,21
381,DF,30,-0.5718421357526031,0.5401352072197492,4.803550336959945,31
382,DF,60,-0.5718421357526031,1.7659335415192237,5.48231288457385,61
383,DF,100,-0.5718421357526031,2.1739400587463225,6.161075432187755,101
384,DF,180,-0.5718421357526031,4.7617055698662405,6.839837979801661,181
385,DF,300,-0.5718421357526031,3.255248855690704,7.5186005274155665,301
386,DF,450,-0.5718421357526031,1.5688704070878048,3.4460252417321344,451
387,DF,600,-0.5718421357526031,4.475574764107388,4.12478778934604,601
388,AP,10,-0.3695063349674988,-5.502028777547609,4.803550336959945,11
389,AP,20,-0.3695063349674988,4.562851636597165,5.48231288457385,21
390,AP,30,-0.3695063349674988,2.8381261076822115,6.161075432187755,31
391,AP,60,-0.3695063349674988,5.786367238295785,6.839837979801661,61
392,AP,100,-0.3695063349674988,-7.2937596405480125,7.5186005274155665,101
393,AP,180,-0.3695063349674988,-0.8393769129398221,3.4460252417321344,181
394,AP,300,-0.3695063349674988,0.2543167073373338,4.12478778934604,301
395,AP,450,-0.3695063349674988,1.523823189642628,4.803550336959945,451
396,AP,600,-0.3695063349674988,-5.956726758072356,5.48231288457385,601
397,GP,10,-0.6813070002622039,5.180120533029478,6.161075432187755,11
398,GP,20,-0.6813070002622039,-7.208322554804159,6.839837979801661,21
399,GP,30,-0.6813070002622039,5.122594380412531,7.5186005274155665,31
400,GP,60,-0.6813070002622039,0.6208062209880909,3.4460252417321344,61
401,GP,100,-0.6813070002622039,2.762815932257179,4.12478778934604,101
402,GP,180,-0.6813070002622039,1.35025689047393,4.803550336959945,181
403,GP,300,-0.6813070002622039,1.3181114661484576,5.48231288457385,301
404,GP,450,-0.6813070002622039,4.012631112582452,6.161075432187755,451
405,GP,600,-0.6813070002622039,4.828424837605784,6.839837979801661,601
406,CPD,10,-0.7895987870434414,-2.601665645715036,7.5186005274155665,11
407,CPD,20,-0.7895987870434414,-6.558628133859112,3.4460252417321344,21
408,CPD,30,-0.7895987870434414,-7.883881736026377,4.12478778934604,31
409,CPD,60,-0.7895987870434414,-3.9235346263050266,4.803550336959945,61
410,CPD,100,-0.7895987870434414,-4.95608662980687,5.48231288457385,101
411,CPD,180,-0.7895987870434414,-1.6331056671253519,6.161075432187755,181
412,CPD,300,-0.7895987870434414,-1.5441285332028478,6.839837979801661,301
413,CPD,450,-0.7895987870434414,-1.52026057787055,7.5186005274155665,451
