event_id,fault_duration_s,diagnosed_variable,diagnosed_direction,top_absolute_standardized_change,synthetic_ground_truth_variable,diagnosis_correct,alarm_second
1,10,CPD,low,1.0425411718348876,CPD,True,5
2,20,AT,high,0.9685796526467336,AT,True,9
3,30,DF,low,0.3743552569320275,DF,True,5
4,60,AP,low,1.1268339597752635,AP,True,32
5,100,GP,low,0.6687902120073091,GP,True,36
6,180,CPD,low,1.1768952275030997,CPD,True,89
7,300,AT,high,1.2170849112751694,AT,True,155
8,450,DF,low,1.5887715916471672,DF,True,207
9,600,AP,low,1.2456844762443264,AP,True,330
