event_id,feature,raw_change_at_alarm,standardized_change_at_alarm,absolute_standardized_change,direction
1,AT,0.27784710537500246,0.033956643917373706,0.033956643917373706,high
1,AP,0.0010142921250029246,0.005489985036885174,0.005489985036885174,high
1,DF,-0.0029531713749904043,-0.01032862459882823,0.01032862459882823,low
1,CH,0.00013522748750004893,0.009085220719635842,0.009085220719635842,high
1,GP,0.021087348450000043,0.061902632563248246,0.061902632563248246,high
1,CPR,0.027085441249999676,0.06518410095247296,0.06518410095247296,high
1,CPD,-0.41159462236183764,-1.0425411718348876,1.0425411718348876,low
1,TTXM,-0.561574934374903,-0.104609897863269,0.104609897863269,low
2,AT,7.925313628398012,0.9685796526467336,0.9685796526467336,high
2,AP,0.0007657407708343555,0.004144669243095434,0.004144669243095434,high
2,DF,-0.03669494820833563,-0.12833943465897735,0.12833943465897735,low
2,CH,0.0004149088604167017,0.027875535108325886,0.027875535108325886,high
2,GP,0.005200411889583201,0.015265986956193904,0.015265986956193904,high
2,CPR,0.021198519083332812,0.05101657363514087,0.05101657363514087,high
2,CPD,0.051602234237499545,0.130704948093241,0.130704948093241,high
2,TTXM,-0.5692382812500227,-0.10603742228579227,0.10603742228579227,low
3,AT,0.06569834949999986,0.008029219728309514,0.008029219728309514,high
3,AP,2.937331249697195e-05,0.00015898678705768645,0.00015898678705768645,high
3,DF,-0.10703605482711254,-0.3743552569320275,0.3743552569320275,low
3,CH,0.0005444090312499497,0.036575967668312476,0.036575967668312476,high
3,GP,-0.003099098799999922,-0.009097510516719249,0.009097510516719249,low
3,CPR,-0.005592459250001625,-0.013458869839334866,0.013458869839334866,low
3,CPD,0.0018958209375004031,0.004801985435157718,0.004801985435157718,high
3,TTXM,-0.03476982250003857,-0.006476905142680061,0.006476905142680061,low
4,AT,0.644619524374999,0.07878115419574198,0.07878115419574198,high
4,AP,-0.2081861432967358,-1.1268339597752635,1.1268339597752635,low
4,DF,-0.045850944874992194,-0.16036224688006814,0.16036224688006814,low
4,CH,0.0017746149000000475,0.11922700300742542,0.11922700300742542,high
4,GP,-0.010433167274999988,-0.030626919350556326,0.030626919350556326,low
4,CPR,-0.004858839437501317,-0.01169333286774298,0.01169333286774298,low
4,CPD,-0.03495658018749914,-0.08854263902402862,0.08854263902402862,low
4,TTXM,0.5763584193749693,0.1073637580540582,0.1073637580540582,high
5,AT,-0.20989424047916572,-0.02565189216075911,0.02565189216075911,low
5,AP,0.00035949547916658275,0.0019458149706591819,0.0019458149706591819,high
5,DF,-0.07191558689584099,-0.25152251784032204,0.25152251784032204,low
5,CH,0.000518614260416602,0.034842953243761375,0.034842953243761375,high
5,GP,-0.22782572657371158,-0.6687902120073091,0.6687902120073091,low
5,CPR,-0.0004310656874988439,-0.0010374071085540147,0.0010374071085540147,low
5,CPD,-0.012891871249999909,-0.03265423265978405,0.03265423265978405,low
5,TTXM,0.04066455312499784,0.007574972614824044,0.007574972614824044,high
6,AT,0.5052360718125009,0.061746626302241314,0.061746626302241314,high
6,AP,-0.010344529125003277,-0.05599107861527281,0.05599107861527281,low
6,DF,-0.2003732443124946,-0.7007991604143783,0.7007991604143783,low
6,CH,-8.547288749999847e-05,-0.005742471910393281,0.005742471910393281,low
6,GP,-0.0014030907187496666,-0.004118820790655846,0.004118820790655846,low
6,CPR,0.10288428018750118,0.24760236483740763,0.24760236483740763,high
6,CPD,-0.4646375220568313,-1.1768952275030997,1.1768952275030997,low
6,TTXM,1.151593773749937,0.21451831212169784,0.21451831212169784,high
7,AT,9.958684975354064,1.2170849112751694,1.2170849112751694,high
7,AP,0.008486640687500824,0.04593502132106772,0.04593502132106772,high
7,DF,0.21778530806249563,0.7616973092612972,0.7616973092612972,high
7,CH,-9.888421874999949e-05,-0.006643508428951423,0.006643508428951423,low
7,GP,-0.005425142862500287,-0.015925692413001475,0.015925692413001475,low
7,CPR,0.190994919125,0.45965033298667624,0.45965033298667624,high
7,CPD,0.0014157851250011788,0.0035860873857276746,0.0035860873857276746,high
7,TTXM,-3.0188426643749153,-0.5623485014285068,0.5623485014285068,low
8,AT,-0.3951114226666679,-0.04828791672697432,0.04828791672697432,low
8,AP,0.00910692435416749,0.04929238550114991,0.04929238550114991,high
8,DF,-0.45426327009528933,-1.5887715916471672,1.5887715916471672,low
8,CH,0.0009126199562499993,0.0613141151178502,0.0613141151178502,high
8,GP,-0.07136139573750011,-0.20948381775040142,0.20948381775040142,low
8,CPR,-0.07682115945833168,-0.18487859094479306,0.18487859094479306,low
8,CPD,-0.05839465720833381,-0.14790969329369325,0.14790969329369325,low
8,TTXM,-0.16466866625000876,-0.030674396778176398,0.030674396778176398,low
9,AT,-2.1486622577291676,-0.26259535468593664,0.26259535468593664,low
9,AP,-0.2301441526714747,-1.2456844762443264,1.2456844762443264,low
9,DF,-0.3511946134583397,-1.2282921859059281,1.2282921859059281,low
9,CH,-0.0065005101333333,-0.43673494526429824,0.43673494526429824,low
9,GP,0.177964676152083,0.5224213932444333,0.5224213932444333,high
9,CPR,-0.028257185000001073,-0.06800403148952933,0.06800403148952933,low
9,CPD,0.033015740541666005,0.08362662426392399,0.08362662426392399,high
9,TTXM,0.5460960977083005,0.10172650791186756,0.10172650791186756,high
