event_id,elapsed_adjustment_seconds,adjustment_progress,counterfactual_EP_MW,counterfactual_expected_EP_MW,counterfactual_absolute_residual_MW
1,0,0.0,110.57557452850732,104.11007408899434,6.465500439512979
1,60,0.028000000000000004,110.57686150247162,104.26500039600506,6.3118611064665515
1,120,0.10400000000000002,110.58035471751755,104.68551465789126,5.89484005962629
1,180,0.216,110.58550261337473,105.3052198859341,5.280282727440635
1,240,0.3520000000000001,110.59175362977274,106.05771909141465,4.534034538358085
1,300,0.5,110.59855620644115,106.87661528561411,3.7219409208270378
1,360,0.648,110.60535878310957,107.69551147981356,2.9098473032960044
1,420,0.7839999999999999,110.61160979950758,108.44801068529414,2.16359911421344
1,480,0.8960000000000001,110.61675769536475,109.06771591333697,1.5490417820277855
1,540,0.972,110.62025091041069,109.48823017522317,1.132020735187524
1,600,1.0,110.62153788437499,109.64315648223388,0.9783814021411104
2,0,0.0,103.06502310390798,96.59952266439501,6.465500439512965
2,60,0.028000000000000004,103.04729307458189,96.74153671086107,6.305756363720818
2,120,0.10400000000000002,102.99916870926822,97.12700340841178,5.872165300856437
2,180,0.216,102.92824859196385,97.69505959427603,5.233188997687819
2,240,0.3520000000000001,102.8421313066657,98.3848421056826,4.457289200983112
2,300,0.5,102.74841543737065,99.13548777986034,3.612927657510312
2,360,0.648,102.6546995680756,99.88613345403807,2.768566114037526
2,420,0.7839999999999999,102.56858228277746,100.57591596544464,1.9926663173328194
2,480,0.8960000000000001,102.49766216547309,101.14397215130889,1.3536900141642008
2,540,0.972,102.44953780015942,101.5294388488596,0.9200989512998206
2,600,1.0,102.43180777083333,101.67145289532567,0.7603548755076588
3,0,0.0,114.36199683700828,107.89649639749533,6.465500439512951
3,60,0.028000000000000004,114.28989430258454,107.91763816477327,6.372256137811277
3,120,0.10400000000000002,114.09418742343442,107.9750229616705,6.119164461763916
3,180,0.216,113.8057772857395,108.05959003078226,5.746187254957235
3,240,0.3520000000000001,113.45556497568136,108.16227861470362,5.293286360977731
3,300,0.5,113.07445157944164,108.27402795602985,4.800423623411788
3,360,0.648,112.69333818320192,108.38577729735609,4.307560885845831
3,420,0.7839999999999999,112.34312587314378,108.48846588127745,3.8546599918663276
3,480,0.8960000000000001,112.05471573544885,108.5730329503892,3.481682785059647
3,540,0.972,111.85900885629873,108.63041774728643,3.2285911090122994
3,600,1.0,111.786906321875,108.65155951456437,3.1353468073106256
4,0,0.0,115.71465906412752,109.24915862461455,6.465500439512965
4,60,0.028000000000000004,115.64014371180694,109.30558548347963,6.33455822832731
4,120,0.10400000000000002,115.43788775550826,109.45874410039914,5.979143655109112
4,180,0.216,115.13982634622597,109.68445153585947,5.455374810366507
4,240,0.3520000000000001,114.77789463495462,109.95852485034702,4.819369784607602
4,300,0.5,114.38402777268875,110.25678110434818,4.127246668340575
4,360,0.648,113.99016091042287,110.55503735834932,3.4351235520735486
4,420,0.7839999999999999,113.62822919915153,110.82911067283688,2.7991185263146576
4,480,0.8960000000000001,113.33016778986925,111.05481810829721,2.275349681572038
4,540,0.972,113.12791183357056,111.20797672521671,1.9199351083538545
4,600,1.0,113.05339648124999,111.26440358408179,1.7889928971681996
5,0,0.0,116.85939149545098,110.39389105593801,6.465500439512965
5,60,0.028000000000000004,116.75240869969919,110.42279933128866,6.32960936841053
5,120,0.10400000000000002,116.46202682551574,110.5012646500975,5.960762175418239
5,180,0.216,116.03409564250856,110.61689775149999,5.41719789100857
5,240,0.3520000000000001,115.51446492028556,110.7573093746316,4.7571555456539585
5,300,0.5,114.94898442845465,110.91011025862778,4.038874169826869
5,360,0.648,114.38350393662374,111.06291114262393,3.3205927939998077
5,420,0.7839999999999999,113.86387321440074,111.20332276575554,2.6605504486451963
5,480,0.8960000000000001,113.43594203139355,111.31895586715805,2.116986164235499
5,540,0.972,113.14556015721011,111.39742118596689,1.7481389712432218
5,600,1.0,113.03857736145832,111.42632946131752,1.612247900140801
6,0,0.0,113.05460796549116,106.5891075259782,6.465500439512951
6,60,0.028000000000000004,113.11291164854907,106.78852069152774,6.324390957021336
6,120,0.10400000000000002,113.27116450256341,107.32978499801924,5.941379504544173
6,180,0.216,113.50437923479507,108.1274376602173,5.376941574577771
6,240,0.3520000000000001,113.78756855250494,109.09601589288636,4.69155265961858
6,300,0.5,114.0957451629539,110.15005691079091,3.945688252162995
6,360,0.648,114.40392177340287,111.20409792869546,3.19982384470741
6,420,0.7839999999999999,114.68711109111274,112.1726761613645,2.5144349297482336
6,480,0.8960000000000001,114.9203258233444,112.97032882356257,1.9499969997818312
6,540,0.972,115.07857867735873,113.51159313005408,1.566985547304654
6,600,1.0,115.13688236041665,113.7110062956036,1.4258760648130533
7,0,0.0,112.64683783351394,106.18133739400098,6.465500439512965
7,60,0.028000000000000004,112.69512372818805,106.38057846886397,6.314545259324078
7,120,0.10400000000000002,112.8261854423035,106.92137567206355,5.90480977023995
7,180,0.216,113.01932902099993,107.71833997151553,5.3009890494844
7,240,0.3520000000000001,113.25386050941704,108.68608233513581,4.56777817428123
7,300,0.5,113.50908595269448,109.73921373084022,3.769872221854257
7,360,0.648,113.7643113959719,110.79234512654462,2.971966269427284
7,420,0.7839999999999999,113.998842884389,111.76008749016489,2.238755394224114
7,480,0.8960000000000001,114.19198646308544,112.55705178961688,1.634934673468564
7,540,0.972,114.32304817720089,113.09784899281645,1.2251991843844365
7,600,1.0,114.371334071875,113.29709006767945,1.074244004195549
8,0,0.0,120.707555029697,114.24205459018404,6.465500439512965
8,60,0.028000000000000004,120.590570689628,114.29309504694915,6.297475642678847
8,120,0.10400000000000002,120.27304176658352,114.4316334295973,5.84140833698622
8,180,0.216,119.80510440630745,114.63579525665772,5.1693091496497345
8,240,0.3520000000000001,119.23689475454366,114.88370604665967,4.353188707883987
8,300,0.5,118.61854895703601,115.15349131813237,3.4650576389036445
8,360,0.648,118.00020315952835,115.4232765896051,2.576926569923259
8,420,0.7839999999999999,117.43199350776456,115.67118737960703,1.760806128157526
8,480,0.8960000000000001,116.96405614748849,115.87534920666745,1.0887069408210408
8,540,0.972,116.64652722444401,116.0138875893156,0.6326396351284131
8,600,1.0,116.529542884375,116.06492804608071,0.4646148382942954
9,0,0.0,116.03210412246976,109.5666036829568,6.465500439512965
9,60,0.028000000000000004,115.95759802145977,109.61330555945028,6.344292462009491
9,120,0.10400000000000002,115.75536717586124,109.74006779564688,6.015299380214358
9,180,0.216,115.45734277182129,109.92687530162081,5.5304674702004775
9,240,0.3520000000000001,115.09545599548707,110.15371298744628,4.941743008040788
9,300,0.5,114.70163803300571,110.40056576319756,4.301072269808145
9,360,0.648,114.30782007052436,110.64741853894884,3.6604015315755163
9,420,0.7839999999999999,113.94593329419014,110.87425622477431,3.071677069415827
9,480,0.8960000000000001,113.64790889015019,111.06106373074824,2.586845159401946
9,540,0.972,113.44567804455166,111.18782596694484,2.257852077606813
9,600,1.0,113.37117194354167,111.23452784343833,2.1366441001033394
